Vietnamese,English,Frequency,Status
"ơ","",190,NEEDS TRANSLATION
"a","",112,NEEDS TRANSLATION
"ơi","oh/hey",101,TRANSLATED
"mà","that/which",99,TRANSLATED
"hơ","",95,NEEDS TRANSLATION
"ta","I/we",86,TRANSLATED
"là","is/be",84,TRANSLATED
"con","classifier (animals)",74,TRANSLATED
"khoan","drill",71,TRANSLATED
"dô","",66,NEEDS TRANSLATION
"ai","who",55,TRANSLATED
"cho","give/for",55,TRANSLATED
"tình","feeling/love",55,TRANSLATED
"hò","sing work songs",54,TRANSLATED
"anh","you (older brother/male)",50,TRANSLATED
"đi","go",45,TRANSLATED
"em","you (younger)",45,TRANSLATED
"ư","(confirmation particle)",44,TRANSLATED
"có","have/there is",42,TRANSLATED
"Dô","",41,NEEDS TRANSLATION
"tang","mourning/sad",40,TRANSLATED
"cái","classifier",35,TRANSLATED
"i","",35,NEEDS TRANSLATION
"hỡi","",35,NEEDS TRANSLATION
"rằng","Rang (name)",28,TRANSLATED
"à","oh/ah",28,TRANSLATED
"không","not/no",27,TRANSLATED
"lên","go up",27,TRANSLATED
"về","return/go back",27,TRANSLATED
"tôi","I/me",24,TRANSLATED
"mẹ","mother",24,TRANSLATED
"hời","",24,NEEDS TRANSLATION
"À","oh/ah",23,TRANSLATED
"cây","classifier (trees/long objects)",22,TRANSLATED
"xa","",22,NEEDS TRANSLATION
"mấy","",22,NEEDS TRANSLATION
"thì","",21,NEEDS TRANSLATION
"nước","water/country",20,TRANSLATED
"lơ","",20,NEEDS TRANSLATION
"lại","again/come",19,TRANSLATED
"chim","bird",19,TRANSLATED
"nhớ","remember/miss",19,TRANSLATED
"Ơ","",19,NEEDS TRANSLATION
"ru","lull",19,TRANSLATED
"làm","do/make/work",18,TRANSLATED
"đây","",18,NEEDS TRANSLATION
"biết","",18,NEEDS TRANSLATION
"người","person",18,TRANSLATED
"chi","",18,NEEDS TRANSLATION
"bằng","equal/by",18,TRANSLATED
"bồng","carry in arms",17,TRANSLATED
"ăn","eat",17,TRANSLATED
"đưa","ferry/transport",17,TRANSLATED
"bên","side/beside",17,TRANSLATED
"Ai","who",16,TRANSLATED
"chồng","husband",16,TRANSLATED
"ra","go out",16,TRANSLATED
"hoa","flower",16,TRANSLATED
"bạn","",16,NEEDS TRANSLATION
"Hò","sing work songs",16,TRANSLATED
"để","",15,NEEDS TRANSLATION
"qua","cross/over",15,TRANSLATED
"trên","on/above",15,TRANSLATED
"lấy","",15,NEEDS TRANSLATION
"nhau","each other",15,TRANSLATED
"nó","",15,NEEDS TRANSLATION
"cầu","bridge",14,TRANSLATED
"sang","cross over",14,TRANSLATED
"Con","classifier (animals)",14,TRANSLATED
"mình","oneself",14,TRANSLATED
"còn","",14,NEEDS TRANSLATION
"thương","love/pity",14,TRANSLATED
"lý","folk song genre / unit of distance",14,TRANSLATED
"ba","three",14,TRANSLATED
"ố","",14,NEEDS TRANSLATION
"bà","Mrs.",13,TRANSLATED
"duyên","fate/destiny",13,TRANSLATED
"cũng","",13,NEEDS TRANSLATION
"công","",13,NEEDS TRANSLATION
"bay","fly",13,TRANSLATED
"la","",13,NEEDS TRANSLATION
"cô","Miss/aunt",13,TRANSLATED
"tay","",13,NEEDS TRANSLATION
"nghe","listen/hear",13,TRANSLATED
"sông","river",13,TRANSLATED
"á","",12,NEEDS TRANSLATION
"chẳng","not",12,TRANSLATED
"ở","",12,NEEDS TRANSLATION
"chiều","evening/afternoon",12,TRANSLATED
"gặp","",12,NEEDS TRANSLATION
"hố","",12,NEEDS TRANSLATION
"Gió","",12,NEEDS TRANSLATION
"đã","",11,NEEDS TRANSLATION
"non","",11,NEEDS TRANSLATION
"Em","you (younger)",11,TRANSLATED
"ôi","",11,NEEDS TRANSLATION
"nhà","house",11,TRANSLATED
"ni","",11,NEEDS TRANSLATION
"lòng","heart/inside",11,TRANSLATED
"ha","",11,NEEDS TRANSLATION
"Một","one",11,TRANSLATED
"ấy","",11,NEEDS TRANSLATION
"(a)","",11,NEEDS TRANSLATION
"bông","flower/cotton",10,TRANSLATED
"luống","furrow/bed",10,TRANSLATED
"Có","have/there is",10,TRANSLATED
"như","",10,NEEDS TRANSLATION
"trong","in/inside",10,TRANSLATED
"với","with",10,TRANSLATED
"vông","",10,NEEDS TRANSLATION
"đôi","pair/couple",10,TRANSLATED
"nên","therefore/should",10,TRANSLATED
"chàng","young man/he",10,TRANSLATED
"Hơ","",10,NEEDS TRANSLATION
"vàng","yellow",10,TRANSLATED
"chưa","not yet",10,TRANSLATED
"Ê","",10,NEEDS TRANSLATION
"huậy","",10,NEEDS TRANSLATION
"này","this/hey",9,TRANSLATED
"tềnh","",9,NEEDS TRANSLATION
"chứ","",9,NEEDS TRANSLATION
"đường","road/way",9,TRANSLATED
"kia","",9,NEEDS TRANSLATION
"đồng","field",9,TRANSLATED
"hay","",9,NEEDS TRANSLATION
"sao","why/how",9,TRANSLATED
"ối","",9,NEEDS TRANSLATION
"rứa","",9,NEEDS TRANSLATION
"đa","",9,NEEDS TRANSLATION
"múa","dance",9,TRANSLATED
"kêu","",9,NEEDS TRANSLATION
"đừng","don't",9,TRANSLATED
"cha","father",9,TRANSLATED
"mây","cloud",9,TRANSLATED
"mặt","",9,NEEDS TRANSLATION
"sóng","",9,NEEDS TRANSLATION
"vui","happy/fun",9,TRANSLATED
"đèo","",9,NEEDS TRANSLATION
"gì","what",8,TRANSLATED
"thời","time/period",8,TRANSLATED
"đậu","bean",8,TRANSLATED
"quan","official",8,TRANSLATED
"một","one",8,TRANSLATED
"ngồi","sit",8,TRANSLATED
"trống","drum",8,TRANSLATED
"mới","new",8,TRANSLATED
"nặng","",8,NEEDS TRANSLATION
"ôông","",8,NEEDS TRANSLATION
"câu","",8,NEEDS TRANSLATION
"bỏ","",8,NEEDS TRANSLATION
"mài","grind",8,TRANSLATED
"(ơ)","",8,NEEDS TRANSLATION
"ngủ","sleep",8,TRANSLATED
"trông","",8,NEEDS TRANSLATION
"A","",8,NEEDS TRANSLATION
"rị","",8,NEEDS TRANSLATION
"hư","",8,NEEDS TRANSLATION
"Anh","you (older brother/male)",8,TRANSLATED
"sáo","flute",8,TRANSLATED
"trèo","climb",8,TRANSLATED
"trường","long/school",8,TRANSLATED
"(ơ","",8,NEEDS TRANSLATION
"nở","",8,NEEDS TRANSLATION
"Rí","Ri (name)",7,TRANSLATED
"đâu","where",7,TRANSLATED
"nhân","",7,NEEDS TRANSLATION
"trăng","moon",7,TRANSLATED
"Bắc","",7,NEEDS TRANSLATION
"cành","",7,NEEDS TRANSLATION
"trời","",7,NEEDS TRANSLATION
"thấy","see",7,TRANSLATED
"cửa","",7,NEEDS TRANSLATION
"tính","",7,NEEDS TRANSLATION
"Ngồi","sit",7,TRANSLATED
"cơm","cooked rice",7,TRANSLATED
"mùa","season",7,TRANSLATED
"đánh","",7,NEEDS TRANSLATION
"gần","",7,NEEDS TRANSLATION
"chung","",7,NEEDS TRANSLATION
"ngày","day",7,TRANSLATED
"ý","",7,NEEDS TRANSLATION
"năm","five",7,TRANSLATED
"chớ","",7,NEEDS TRANSLATION
"chỉ","thread/point",7,TRANSLATED
"già","old",7,TRANSLATED
"hương","",7,NEEDS TRANSLATION
"ngàn","",7,NEEDS TRANSLATION
"lồng","",7,NEEDS TRANSLATION
"bán","",7,NEEDS TRANSLATION
"ớ","",7,NEEDS TRANSLATION
"yêu","love",7,TRANSLATED
"nón","hat",7,TRANSLATED
"ê","",7,NEEDS TRANSLATION
"giông","",7,NEEDS TRANSLATION
"bồong","",7,NEEDS TRANSLATION
"(thời)","",7,NEEDS TRANSLATION
"quân","",7,NEEDS TRANSLATION
"đố","riddle/bet",6,TRANSLATED
"ới","",6,NEEDS TRANSLATION
"phải","must/right",6,TRANSLATED
"hoài","always/constantly",6,TRANSLATED
"tài","",6,NEEDS TRANSLATION
"trò","game/play",6,TRANSLATED
"Để","",6,NEEDS TRANSLATION
"xuống","go down",6,TRANSLATED
"được","can/able/get",6,TRANSLATED
"nọ","",6,NEEDS TRANSLATION
"Chim","bird",6,TRANSLATED
"rừng","forest",6,TRANSLATED
"mắt","",6,NEEDS TRANSLATION
"chín","nine",6,TRANSLATED
"thiên","",6,NEEDS TRANSLATION
"linh","soul/soldier",6,TRANSLATED
"chợ","market",6,TRANSLATED
"cùng","together with",6,TRANSLATED
"Kìa","that (over there)",6,TRANSLATED
"Đây","",6,NEEDS TRANSLATION
"ti","",6,NEEDS TRANSLATION
"nào","which",6,TRANSLATED
"thêu","",6,NEEDS TRANSLATION
"kim","",6,NEEDS TRANSLATION
"lời","",6,NEEDS TRANSLATION
"nghĩa","",6,NEEDS TRANSLATION
"rồi","",6,NEEDS TRANSLATION
"chăng","",6,NEEDS TRANSLATION
"lang","lang (plant)",6,TRANSLATED
"nàng","",6,NEEDS TRANSLATION
"hề","",6,NEEDS TRANSLATION
"tới","",6,NEEDS TRANSLATION
"hô","",6,NEEDS TRANSLATION
"dầu","",6,NEEDS TRANSLATION
"thuyền","boat",6,TRANSLATED
"đò","ferry",6,TRANSLATED
"các","all/various",6,TRANSLATED
"vượn","",6,NEEDS TRANSLATION
"dớ","silly",6,TRANSLATED
"hi","",6,NEEDS TRANSLATION
"(chứ)","",6,NEEDS TRANSLATION
"xe","vehicle/cart",6,TRANSLATED
"lưng","back/waist",5,TRANSLATED
"thế","",5,NEEDS TRANSLATION
"Rằng","Rang (name)",5,TRANSLATED
"chốn","place",5,TRANSLATED
"dây","thread/rope/string",5,TRANSLATED
"ông","Mr.",5,TRANSLATED
"khổ","suffer",5,TRANSLATED
"đời","life",5,TRANSLATED
"chân","leg/foot",5,TRANSLATED
"lá","leaf",5,TRANSLATED
"ván","plank/board",5,TRANSLATED
"Chàng","young man/he",5,TRANSLATED
"cò","egret/heron",5,TRANSLATED
"từ","from",5,TRANSLATED
"bao","",5,NEEDS TRANSLATION
"bố","dad",5,TRANSLATED
"đến","come/arrive",5,TRANSLATED
"vôi","lime",5,TRANSLATED
"cao","tall/high",5,TRANSLATED
"tấu","",5,NEEDS TRANSLATION
"vào","enter",5,TRANSLATED
"tầm","",5,NEEDS TRANSLATION
"tập","",5,NEEDS TRANSLATION
"xứ","",5,NEEDS TRANSLATION
"hà","",5,NEEDS TRANSLATION
"xây","",5,NEEDS TRANSLATION
"pì","",5,NEEDS TRANSLATION
"tùa","",5,NEEDS TRANSLATION
"mái","roof/mai (work song type)",5,TRANSLATED
"đắp","build up",5,TRANSLATED
"xanh","blue/green",5,TRANSLATED
"bóng","",5,NEEDS TRANSLATION
"lúa","",5,NEEDS TRANSLATION
"ời","",5,NEEDS TRANSLATION
"(mà)","",5,NEEDS TRANSLATION
"núi","mountain",5,TRANSLATED
"Chiều","evening/afternoon",5,TRANSLATED
"sa","",5,NEEDS TRANSLATION
"hơi","",5,NEEDS TRANSLATION
"vợ","wife",5,TRANSLATED
"đất","",5,NEEDS TRANSLATION
"quê","",5,NEEDS TRANSLATION
"ngô","",5,NEEDS TRANSLATION
"lâu","",5,NEEDS TRANSLATION
"biển","sea/ocean",5,TRANSLATED
"dày","",5,NEEDS TRANSLATION
"Cùng","together with",5,TRANSLATED
"trăm","",5,NEEDS TRANSLATION
"đem","",5,NEEDS TRANSLATION
"đập","pound/beat",5,TRANSLATED
"của","of",5,TRANSLATED
"sâu","",5,NEEDS TRANSLATION
"ngoài","outside",5,TRANSLATED
"Kỳ","",5,NEEDS TRANSLATION
"sổ","",5,NEEDS TRANSLATION
"noọng","",5,NEEDS TRANSLATION
"dơ","",5,NEEDS TRANSLATION
"xinh","",5,NEEDS TRANSLATION
"chơi","",5,NEEDS TRANSLATION
"doong","",5,NEEDS TRANSLATION
"chê","",5,NEEDS TRANSLATION
"bạc","",5,NEEDS TRANSLATION
"tha","",4,NEEDS TRANSLATION
"rang","",4,NEEDS TRANSLATION
"Bà","Mrs.",4,TRANSLATED
"hồng","pink/red",4,TRANSLATED
"khóc","cry",4,TRANSLATED
"nằm","lie down",4,TRANSLATED
"lo","worry/care",4,TRANSLATED
"học","study",4,TRANSLATED
"mang","",4,NEEDS TRANSLATION
"Dù","",4,NEEDS TRANSLATION
"bánh","",4,NEEDS TRANSLATION
"trai","",4,NEEDS TRANSLATION
"Sáo","flute",4,TRANSLATED
"Tu","",4,NEEDS TRANSLATION
"cánh","",4,NEEDS TRANSLATION
"hai","two",4,TRANSLATED
"nơi","",4,NEEDS TRANSLATION
"kéo","pull",4,TRANSLATED
"nói","say/speak",4,TRANSLATED
"bến","dock/pier",4,TRANSLATED
"Tay","",4,NEEDS TRANSLATION
"chúc","wish",4,TRANSLATED
"tri","",4,NEEDS TRANSLATION
"Hai","two",4,TRANSLATED
"cửi","",4,NEEDS TRANSLATION
"dệt","weave",4,TRANSLATED
"Năm","five",4,TRANSLATED
"quanh","",4,NEEDS TRANSLATION
"Hỡi","",4,NEEDS TRANSLATION
"điều","",4,NEEDS TRANSLATION
"dựng","",4,NEEDS TRANSLATION
"muốn","",4,NEEDS TRANSLATION
"xung","clash",4,TRANSLATED
"hàng","",4,NEEDS TRANSLATION
"í","",4,NEEDS TRANSLATION
"nhá","",4,NEEDS TRANSLATION
"mai","tomorrow/apricot blossom",4,TRANSLATED
"Ba","three",4,TRANSLATED
"đều","",4,NEEDS TRANSLATION
"gấm","",4,NEEDS TRANSLATION
"hờ","",4,NEEDS TRANSLATION
"nỏ","",4,NEEDS TRANSLATION
"tiếng","",4,NEEDS TRANSLATION
"cả","",4,NEEDS TRANSLATION
"Không","not/no",4,TRANSLATED
"trước","",4,NEEDS TRANSLATION
"gió","",4,NEEDS TRANSLATION
"thăm","",4,NEEDS TRANSLATION
"mịt","",4,NEEDS TRANSLATION
"Lấy","",4,NEEDS TRANSLATION
"cảnh","scene/scenery",4,TRANSLATED
"Báo","",4,NEEDS TRANSLATION
"mô","",4,NEEDS TRANSLATION
"thiếp","",4,NEEDS TRANSLATION
"Ra","go out",4,TRANSLATED
"mù","",4,NEEDS TRANSLATION
"lưới","",4,NEEDS TRANSLATION
"tóc","",4,NEEDS TRANSLATION
"nợ","",4,NEEDS TRANSLATION
"Này","this/hey",4,TRANSLATED
"bắt","",4,NEEDS TRANSLATION
"chèo","row/paddle",4,TRANSLATED
"(Chào","",4,NEEDS TRANSLATION
"chữ","",4,NEEDS TRANSLATION
"toan","",4,NEEDS TRANSLATION
"bảy","seven",4,TRANSLATED
"sau","",4,NEEDS TRANSLATION
"bầy","",4,NEEDS TRANSLATION
"hãy","",4,NEEDS TRANSLATION
"chua","",4,NEEDS TRANSLATION
"và","and",4,TRANSLATED
"tró","",4,NEEDS TRANSLATION
"đêm","night",4,TRANSLATED
"tây","",4,NEEDS TRANSLATION
"Thấy","see",4,TRANSLATED
"quẫy","",4,NEEDS TRANSLATION
"dắt","",4,NEEDS TRANSLATION
"tà","",4,NEEDS TRANSLATION
"Thiên","",4,NEEDS TRANSLATION
"chiền","",4,NEEDS TRANSLATION
"Lả","wilt/exhausted",4,TRANSLATED
"I","",4,NEEDS TRANSLATION
"xin","",4,NEEDS TRANSLATION
"chết","",4,NEEDS TRANSLATION
"sườn","",4,NEEDS TRANSLATION
"đầu","",4,NEEDS TRANSLATION
"càng","",4,NEEDS TRANSLATION
"vừa","",4,NEEDS TRANSLATION
"buôn","",4,NEEDS TRANSLATION
"cá","fish",4,TRANSLATED
"gôông","",4,NEEDS TRANSLATION
"be","",4,NEEDS TRANSLATION
"rạng","",4,NEEDS TRANSLATION
"Long","",4,NEEDS TRANSLATION
"(ấy)","",4,NEEDS TRANSLATION
"ư)","",4,NEEDS TRANSLATION
"lội","",4,NEEDS TRANSLATION
"thành","city",4,TRANSLATED
"thứ","",4,NEEDS TRANSLATION
"đoạn","",4,NEEDS TRANSLATION
"lụy","",4,NEEDS TRANSLATION
"lưu","",4,NEEDS TRANSLATION
"mặc","",4,NEEDS TRANSLATION
"sung","",4,NEEDS TRANSLATION
"vai","",3,NEEDS TRANSLATION
"dom","",3,NEEDS TRANSLATION
"thơ","poetry",3,TRANSLATED
"treo","",3,NEEDS TRANSLATION
"ngay","",3,NEEDS TRANSLATION
"tơ","silk",3,TRANSLATED
"cà","on",3,TRANSLATED
"lúc","moment/when",3,TRANSLATED
"ngáy","snore",3,TRANSLATED
"o","",3,NEEDS TRANSLATION
"Đi","go",3,TRANSLATED
"sách","",3,NEEDS TRANSLATION
"Cử","",3,NEEDS TRANSLATION
"tú","",3,NEEDS TRANSLATION
"ít","",3,NEEDS TRANSLATION
"dại","",3,NEEDS TRANSLATION
"Tềnh","",3,NEEDS TRANSLATION
"mong","",3,NEEDS TRANSLATION
"Bồ","",3,NEEDS TRANSLATION
"Các","all/various",3,TRANSLATED
"bác","uncle/aunt (older)",3,TRANSLATED
"Ri","",3,NEEDS TRANSLATION
"Hú","",3,NEEDS TRANSLATION
"súng","",3,NEEDS TRANSLATION
"làng","village",3,TRANSLATED
"lả","wilt/exhausted",3,TRANSLATED
"Tình","feeling/love",3,TRANSLATED
"giờ","",3,NEEDS TRANSLATION
"mời","",3,NEEDS TRANSLATION
"bình","peaceful/vase",3,TRANSLATED
"lần","",3,NEEDS TRANSLATION
"Áo","shirt",3,TRANSLATED
"dưới","under/below",3,TRANSLATED
"mắc","",3,NEEDS TRANSLATION
"nhanh","",3,NEEDS TRANSLATION
"bước","",3,NEEDS TRANSLATION
"minh","",3,NEEDS TRANSLATION
"mọi","",3,NEEDS TRANSLATION
"thẳng","",3,NEEDS TRANSLATION
"tiếc","",3,NEEDS TRANSLATION
"chúng","",3,NEEDS TRANSLATION
"vô","",3,NEEDS TRANSLATION
"sơn","",3,NEEDS TRANSLATION
"địa","",3,NEEDS TRANSLATION
"dặn","",3,NEEDS TRANSLATION
"thêm","",3,NEEDS TRANSLATION
"tù","",3,NEEDS TRANSLATION
"lầu","upper floor/mansion",3,TRANSLATED
"ngôi","",3,NEEDS TRANSLATION
"mát","",3,NEEDS TRANSLATION
"Ngó","",3,NEEDS TRANSLATION
"lố","",3,NEEDS TRANSLATION
"dở","",3,NEEDS TRANSLATION
"sắt","",3,NEEDS TRANSLATION
"Cha","father",3,TRANSLATED
"đèn","lamp",3,TRANSLATED
"gánh","carry (on shoulder pole)",3,TRANSLATED
"dễ","",3,NEEDS TRANSLATION
"Mẹ","mother",3,TRANSLATED
"mua","",3,NEEDS TRANSLATION
"Mua","",3,NEEDS TRANSLATION
"đứng","stand",3,TRANSLATED
"thu","harvest",3,TRANSLATED
"hẹn","",3,NEEDS TRANSLATION
"Kua","",3,NEEDS TRANSLATION
"loan","",3,NEEDS TRANSLATION
"boong","",3,NEEDS TRANSLATION
"tử","",3,NEEDS TRANSLATION
"dài","long",3,TRANSLATED
"cải","",3,NEEDS TRANSLATION
"thầy","",3,NEEDS TRANSLATION
"hơn","",3,NEEDS TRANSLATION
"lắm","",3,NEEDS TRANSLATION
"kìa","that (over there)",3,TRANSLATED
"thê","",3,NEEDS TRANSLATION
"Trèo","climb",3,TRANSLATED
"khoai","potato/tuber",3,TRANSLATED
"xăm","",3,NEEDS TRANSLATION
"gốc","",3,NEEDS TRANSLATION
"gái","",3,NEEDS TRANSLATION
"Là","is/be",3,TRANSLATED
"Bồng","carry in arms",3,TRANSLATED
"di","",3,NEEDS TRANSLATION
"ngộ","",3,NEEDS TRANSLATION
")","",3,NEEDS TRANSLATION
"Mấy","",3,NEEDS TRANSLATION
"mặn","",3,NEEDS TRANSLATION
"cay","",3,NEEDS TRANSLATION
"nữa","",3,NEEDS TRANSLATION
"mông","",3,NEEDS TRANSLATION
"Lòng","heart/inside",3,TRANSLATED
"dừa","coconut",3,TRANSLATED
"vì","because",3,TRANSLATED
"lính","",3,NEEDS TRANSLATION
"chạnh","",3,NEEDS TRANSLATION
"Thuyền","boat",3,TRANSLATED
"Thì","",3,NEEDS TRANSLATION
"Ơi","oh/hey",3,TRANSLATED
"tiền","",3,NEEDS TRANSLATION
"mở","",3,NEEDS TRANSLATION
"cờ","",3,NEEDS TRANSLATION
"tai","",3,NEEDS TRANSLATION
"gà","chicken",3,TRANSLATED
"sự","",3,NEEDS TRANSLATION
"sớm","",3,NEEDS TRANSLATION
"mi","you (informal)",3,TRANSLATED
"lua","",3,NEEDS TRANSLATION
"nỗi","",3,NEEDS TRANSLATION
"rượng","",3,NEEDS TRANSLATION
"Ấy","",3,NEEDS TRANSLATION
"ức","",3,NEEDS TRANSLATION
"Hà","",3,NEEDS TRANSLATION
"Mở","",3,NEEDS TRANSLATION
"Tiền","",3,NEEDS TRANSLATION
"ca","",3,NEEDS TRANSLATION
"vang","",3,NEEDS TRANSLATION
"giữ","",3,NEEDS TRANSLATION
"Tây","",3,NEEDS TRANSLATION
"canh","",3,NEEDS TRANSLATION
"thổi","",3,NEEDS TRANSLATION
"tựa","lean against",3,TRANSLATED
"nhìn","",3,NEEDS TRANSLATION
"nay","",3,NEEDS TRANSLATION
"nghĩ","",3,NEEDS TRANSLATION
"khác","",3,NEEDS TRANSLATION
"Trọng","important/heavy",3,TRANSLATED
"ờ)","",3,NEEDS TRANSLATION
"ơ)","",3,NEEDS TRANSLATION
"cách","",3,NEEDS TRANSLATION
"trở","",3,NEEDS TRANSLATION
"Người","person",3,TRANSLATED
"Nước","water/country",3,TRANSLATED
"quang","",3,NEEDS TRANSLATION
"ờ","",3,NEEDS TRANSLATION
"Thương","love/pity",3,TRANSLATED
"nguồn","",3,NEEDS TRANSLATION
"hẻ","",3,NEEDS TRANSLATION
"hè","",3,NEEDS TRANSLATION
"bổong","",3,NEEDS TRANSLATION
"Ti","",3,NEEDS TRANSLATION
"đàng","",3,NEEDS TRANSLATION
"hồn","",3,NEEDS TRANSLATION
"êm","",3,NEEDS TRANSLATION
"trắng","white",3,TRANSLATED
"Tràng","",3,NEEDS TRANSLATION
"tìm","",3,NEEDS TRANSLATION
"thôi","",3,NEEDS TRANSLATION
"tốn","",3,NEEDS TRANSLATION
"phượng","",3,NEEDS TRANSLATION
"ả","",3,NEEDS TRANSLATION
"pa","",3,NEEDS TRANSLATION
"(thì)","",3,NEEDS TRANSLATION
"ngựa","horse",3,TRANSLATED
"Thăng","",3,NEEDS TRANSLATION
"dòng","",3,NEEDS TRANSLATION
"chơ","",2,NEEDS TRANSLATION
"mơ","",2,NEEDS TRANSLATION
"cau","",2,NEEDS TRANSLATION
"ô","",2,NEEDS TRANSLATION
"thơng","",2,NEEDS TRANSLATION
"klong","",2,NEEDS TRANSLATION
"lơi","",2,NEEDS TRANSLATION
"ếch","frog",2,TRANSLATED
"quằn","",2,NEEDS TRANSLATION
"queo","",2,NEEDS TRANSLATION
"Đố","riddle/bet",2,TRANSLATED
"khắp","everywhere",2,TRANSLATED
"nối","connect",2,TRANSLATED
"Chồng","husband",2,TRANSLATED
"bé","small/tiny",2,TRANSLATED
"ngon","",2,NEEDS TRANSLATION
"gai","",2,NEEDS TRANSLATION
"sẽ","",2,NEEDS TRANSLATION
"Trồng","plant",2,TRANSLATED
"Sậu","",2,NEEDS TRANSLATION
"cậu","you (male)",2,TRANSLATED
"Đen","black",2,TRANSLATED
"vác","",2,NEEDS TRANSLATION
"đà","",2,NEEDS TRANSLATION
"to","big",2,TRANSLATED
"Bay","fly",2,TRANSLATED
"Duyên","fate/destiny",2,TRANSLATED
"ngờ","",2,NEEDS TRANSLATION
"dối","",2,NEEDS TRANSLATION
"Nói","say/speak",2,TRANSLATED
"những","",2,NEEDS TRANSLATION
"củi","firewood",2,TRANSLATED
"gia","",2,NEEDS TRANSLATION
"Cô","Miss/aunt",2,TRANSLATED
"Cậu","you (male)",2,TRANSLATED
"khăn","",2,NEEDS TRANSLATION
"Cặp","pair",2,TRANSLATED
"miệng","",2,NEEDS TRANSLATION
"cân","",2,NEEDS TRANSLATION
"Nhạc","",2,NEEDS TRANSLATION
"đan","",2,NEEDS TRANSLATION
"võ","",2,NEEDS TRANSLATION
"phụng","",2,NEEDS TRANSLATION
"nam","south/male",2,TRANSLATED
"Uốn","",2,NEEDS TRANSLATION
"mềm","",2,NEEDS TRANSLATION
"Tôi","I/me",2,TRANSLATED
"hạ","",2,NEEDS TRANSLATION
"thái","",2,NEEDS TRANSLATION
"no","",2,NEEDS TRANSLATION
"đủ","",2,NEEDS TRANSLATION
"(ớ)","",2,NEEDS TRANSLATION
"thủy","",2,NEEDS TRANSLATION
"hữu","",2,NEEDS TRANSLATION
"gửi","",2,NEEDS TRANSLATION
"đó","",2,NEEDS TRANSLATION
"lu","",2,NEEDS TRANSLATION
"chù","",2,NEEDS TRANSLATION
"xái","",2,NEEDS TRANSLATION
"pàng","",2,NEEDS TRANSLATION
"chừ","",2,NEEDS TRANSLATION
"đình","",2,NEEDS TRANSLATION
"giếng","",2,NEEDS TRANSLATION
"hợp","",2,NEEDS TRANSLATION
"tác","",2,NEEDS TRANSLATION
"hạt","",2,NEEDS TRANSLATION
"trĩu","",2,NEEDS TRANSLATION
"ngoại","",2,NEEDS TRANSLATION
"tâm","heart/mind",2,TRANSLATED
"Pên","",2,NEEDS TRANSLATION
"cặt","",2,NEEDS TRANSLATION
"mít","",2,NEEDS TRANSLATION
"chót","",2,NEEDS TRANSLATION
"leo","climb",2,TRANSLATED
"khéo","",2,NEEDS TRANSLATION
"lèo","",2,NEEDS TRANSLATION
"ciu","",2,NEEDS TRANSLATION
"lê","",2,NEEDS TRANSLATION
"Tách","",2,NEEDS TRANSLATION
"khăng","",2,NEEDS TRANSLATION
"kháng","",2,NEEDS TRANSLATION
"kẻ","",2,NEEDS TRANSLATION
"lông","",2,NEEDS TRANSLATION
"Hời","",2,NEEDS TRANSLATION
"(hơ)","",2,NEEDS TRANSLATION
"(hơ","",2,NEEDS TRANSLATION
"ầu","",2,NEEDS TRANSLATION
"Bên","side/beside",2,TRANSLATED
"Chớ","",2,NEEDS TRANSLATION
"xế","",2,NEEDS TRANSLATION
"Ha","",2,NEEDS TRANSLATION
"hưm","",2,NEEDS TRANSLATION
"Ph","",2,NEEDS TRANSLATION
"thâm","",2,NEEDS TRANSLATION
"Thầy","",2,NEEDS TRANSLATION
"Còn","",2,NEEDS TRANSLATION
"đứt","",2,NEEDS TRANSLATION
"côi","",2,NEEDS TRANSLATION
"lỡ","",2,NEEDS TRANSLATION
"phân","",2,NEEDS TRANSLATION
"biểu","",2,NEEDS TRANSLATION
"tàn","",2,NEEDS TRANSLATION
"nhiêu","",2,NEEDS TRANSLATION
"dừng","",2,NEEDS TRANSLATION
"Ru","lull",2,TRANSLATED
"mỏ","",2,NEEDS TRANSLATION
"phụ","",2,NEEDS TRANSLATION
"phàng","",2,NEEDS TRANSLATION
"rẫy","swidden field",2,TRANSLATED
"Hỏi","ask",2,TRANSLATED
"Mịt","",2,NEEDS TRANSLATION
"khói","",2,NEEDS TRANSLATION
"tỏa","",2,NEEDS TRANSLATION
"che","",2,NEEDS TRANSLATION
"hòa","",2,NEEDS TRANSLATION
"Hay","",2,NEEDS TRANSLATION
"cương","",2,NEEDS TRANSLATION
"kỳ","",2,NEEDS TRANSLATION
"(Nam","",2,NEEDS TRANSLATION
"phù","",2,NEEDS TRANSLATION
"tổng","",2,NEEDS TRANSLATION
"hội","",2,NEEDS TRANSLATION
"Hồ","",2,NEEDS TRANSLATION
"bữa","",2,NEEDS TRANSLATION
"Trời","",2,NEEDS TRANSLATION
"tháng","month",2,TRANSLATED
"vẫn","",2,NEEDS TRANSLATION
"Xem","",2,NEEDS TRANSLATION
"lộng","",2,NEEDS TRANSLATION
"nồng","",2,NEEDS TRANSLATION
"chải","",2,NEEDS TRANSLATION
"thanh","",2,NEEDS TRANSLATION
"xâm","",2,NEEDS TRANSLATION
"cơ","",2,NEEDS TRANSLATION
"thiệt","",2,NEEDS TRANSLATION
"Văn","",2,NEEDS TRANSLATION
"Lâu","",2,NEEDS TRANSLATION
"sầu","",2,NEEDS TRANSLATION
"thoáng","",2,NEEDS TRANSLATION
"neo","",2,NEEDS TRANSLATION
"chống","",2,NEEDS TRANSLATION
"tát","",2,NEEDS TRANSLATION
"iêng","",2,NEEDS TRANSLATION
"chiếc","classifier (vehicles)",2,TRANSLATED
"phản","",2,NEEDS TRANSLATION
"bể","",2,NEEDS TRANSLATION
"nhất","first/most",2,TRANSLATED
"phách","",2,NEEDS TRANSLATION
"theo","follow/according to",2,TRANSLATED
"lắng","",2,NEEDS TRANSLATION
"xang","",2,NEEDS TRANSLATION
"đầy","",2,NEEDS TRANSLATION
"(Quân","",2,NEEDS TRANSLATION
"tồn","",2,NEEDS TRANSLATION
"cống","sluice gate",2,TRANSLATED
"khó","",2,NEEDS TRANSLATION
"dua","",2,NEEDS TRANSLATION
"giả","",2,NEEDS TRANSLATION
"li","",2,NEEDS TRANSLATION
"lì","",2,NEEDS TRANSLATION
"lí","",2,NEEDS TRANSLATION
"vọng","",2,NEEDS TRANSLATION
"Đà","",2,NEEDS TRANSLATION
"Cắc","",2,NEEDS TRANSLATION
"Ké","",2,NEEDS TRANSLATION
"Nhông","",2,NEEDS TRANSLATION
"ống","tube/pipe",2,TRANSLATED
"tưới","water/irrigate",2,TRANSLATED
"xui","urge/tempt",2,TRANSLATED
"hang","",2,NEEDS TRANSLATION
"Nó","",2,NEEDS TRANSLATION
"rịnh","",2,NEEDS TRANSLATION
"chày","",2,NEEDS TRANSLATION
"(làm","",2,NEEDS TRANSLATION
"răng)","",2,NEEDS TRANSLATION
"lới","",2,NEEDS TRANSLATION
"hôm","evening",2,TRANSLATED
"nớ","",2,NEEDS TRANSLATION
"óa","",2,NEEDS TRANSLATION
"hòn","",2,NEEDS TRANSLATION
"chiện","",2,NEEDS TRANSLATION
"xoài","",2,NEEDS TRANSLATION
"xuân","spring",2,TRANSLATED
"Muốn","",2,NEEDS TRANSLATION
"Nọi","",2,NEEDS TRANSLATION
"Nón","hat",2,TRANSLATED
"lắp","",2,NEEDS TRANSLATION
"vòng","",2,NEEDS TRANSLATION
"Nắm","",2,NEEDS TRANSLATION
"mứ","",2,NEEDS TRANSLATION
"xuổi","",2,NEEDS TRANSLATION
"bóh","",2,NEEDS TRANSLATION
"khỏi","",2,NEEDS TRANSLATION
"mơi","flirt",2,TRANSLATED
"nà","",2,NEEDS TRANSLATION
"ná","",2,NEEDS TRANSLATION
"quốc","",2,NEEDS TRANSLATION
"lâm","",2,NEEDS TRANSLATION
"nguy","",2,NEEDS TRANSLATION
"nổ","",2,NEEDS TRANSLATION
"Vậy","",2,NEEDS TRANSLATION
"thù","",2,NEEDS TRANSLATION
"giữa","",2,NEEDS TRANSLATION
"chiến","",2,NEEDS TRANSLATION
"nhi","",2,NEEDS TRANSLATION
"ngát","",2,NEEDS TRANSLATION
"trùng","",2,NEEDS TRANSLATION
"thơm","",2,NEEDS TRANSLATION
"Tiếng","",2,NEEDS TRANSLATION
"sương","",2,NEEDS TRANSLATION
"hiu","",2,NEEDS TRANSLATION
"bốn","four",2,TRANSLATED
"mạn","side (of boat)",2,TRANSLATED
"in","",2,NEEDS TRANSLATION
"xưa","",2,NEEDS TRANSLATION
"ớ)","",2,NEEDS TRANSLATION
"mươi","",2,NEEDS TRANSLATION
"phong","seal/wind",2,TRANSLATED
"đền","",2,NEEDS TRANSLATION
"giáng","",2,NEEDS TRANSLATION
"nhời","",2,NEEDS TRANSLATION
"Chỉ","thread/point",2,TRANSLATED
"gởi","",2,NEEDS TRANSLATION
"thể","",2,NEEDS TRANSLATION
"chảy","",2,NEEDS TRANSLATION
"cấy","",2,NEEDS TRANSLATION
"ruộng","rice field",2,TRANSLATED
"chầy","",2,NEEDS TRANSLATION
"nín","",2,NEEDS TRANSLATION
"Bồong","",2,NEEDS TRANSLATION
"lìa","",2,NEEDS TRANSLATION
"chóc","",2,NEEDS TRANSLATION
"chong","",2,NEEDS TRANSLATION
"hma","",2,NEEDS TRANSLATION
"mtây","",2,NEEDS TRANSLATION
"ana","",2,NEEDS TRANSLATION
"mchê","",2,NEEDS TRANSLATION
"drây","",2,NEEDS TRANSLATION
"kẻo","",2,NEEDS TRANSLATION
"khi","",2,NEEDS TRANSLATION
"Trong","in/inside",2,TRANSLATED
"thắp","light/kindle",2,TRANSLATED
"thềm","",2,NEEDS TRANSLATION
"khúc","",2,NEEDS TRANSLATION
"đám","",2,NEEDS TRANSLATION
"(này)","",2,NEEDS TRANSLATION
"Bát","eight/bowl",2,TRANSLATED
"phú","",2,NEEDS TRANSLATION
"dân","",2,NEEDS TRANSLATION
"nít","",2,NEEDS TRANSLATION
"lim","",2,NEEDS TRANSLATION
"dim","",2,NEEDS TRANSLATION
"khách","",2,NEEDS TRANSLATION
"áo","shirt",2,TRANSLATED
"khê","",2,NEEDS TRANSLATION
"vương","",2,NEEDS TRANSLATION
"dặm","",2,NEEDS TRANSLATION
"nuôi","",2,NEEDS TRANSLATION
"mồm","",2,NEEDS TRANSLATION
"vá","",2,NEEDS TRANSLATION
"ri","",2,NEEDS TRANSLATION
"bớ","",2,NEEDS TRANSLATION
"Chê","",2,NEEDS TRANSLATION
"liếc","",2,NEEDS TRANSLATION
"đẹp","beautiful",2,TRANSLATED
"Chi","",2,NEEDS TRANSLATION
"xeo","",2,NEEDS TRANSLATION
"Lá","leaf",2,TRANSLATED
"vi","",2,NEEDS TRANSLATION
"theng","",2,NEEDS TRANSLATION
"thao","",2,NEEDS TRANSLATION
"pê","",2,NEEDS TRANSLATION
"xẻ","split",2,TRANSLATED
"Chân","leg/foot",2,TRANSLATED
"chành","onomatopoeia (sound)",2,TRANSLATED
"loài","",2,NEEDS TRANSLATION
"trâu","water buffalo",2,TRANSLATED
"bắp","",2,NEEDS TRANSLATION
"than","",2,NEEDS TRANSLATION
"giải","",2,NEEDS TRANSLATION
"mày","",2,NEEDS TRANSLATION
"bầu","",2,NEEDS TRANSLATION
"Dạ","",2,NEEDS TRANSLATION
"châm","",2,NEEDS TRANSLATION
"phố","street/town",2,TRANSLATED
"đeo","",2,NEEDS TRANSLATION
"bộ","",2,NEEDS TRANSLATION
"lúng","",2,NEEDS TRANSLATION
"ề","",2,NEEDS TRANSLATION
"chơn","",2,NEEDS TRANSLATION
"Hoa","flower",2,TRANSLATED
"tiến","",2,NEEDS TRANSLATION
"Nhị","",2,NEEDS TRANSLATION
"trôi","",2,NEEDS TRANSLATION
"bội","",2,NEEDS TRANSLATION
"nội","",2,NEEDS TRANSLATION
"tám","eight",2,TRANSLATED
"chông","",2,NEEDS TRANSLATION
"đông","",2,NEEDS TRANSLATION
"giảng","",2,NEEDS TRANSLATION
"Nhược","",2,NEEDS TRANSLATION
"Thày","",1,NEEDS TRANSLATION
"mưng","",1,NEEDS TRANSLATION
"tế","",1,NEEDS TRANSLATION
"du","",1,NEEDS TRANSLATION
"thày","",1,NEEDS TRANSLATION
"ôn","",1,NEEDS TRANSLATION
"Chơ","",1,NEEDS TRANSLATION
"phi","",1,NEEDS TRANSLATION
"lô","",1,NEEDS TRANSLATION
"Dom","",1,NEEDS TRANSLATION
"tho","",1,NEEDS TRANSLATION
"Buộc","tie/bind",1,TRANSLATED
"ruột","",1,NEEDS TRANSLATION
"ốc","",1,NEEDS TRANSLATION
"buộc","tie/bind",1,TRANSLATED
"Ới","",1,NEEDS TRANSLATION
"tẹo","tiny",1,TRANSLATED
"tèo","teeny",1,TRANSLATED
"teo","weeny",1,TRANSLATED
"kheo","stilts",1,TRANSLATED
"cõng","carry on back",1,TRANSLATED
"Đêm","night",1,TRANSLATED
"co","",1,NEEDS TRANSLATION
"lười","lazy",1,TRANSLATED
"biếng","lazy",1,TRANSLATED
"hành","practice/行",1,TRANSLATED
"Chầu","",1,NEEDS TRANSLATION
"rày","",1,NEEDS TRANSLATION
"dì","",1,NEEDS TRANSLATION
"chú","uncle",1,TRANSLATED
"bắn","",1,NEEDS TRANSLATION
"Đạn","",1,NEEDS TRANSLATION
"ghim","",1,NEEDS TRANSLATION
"đạn","",1,NEEDS TRANSLATION
"Vì","because",1,TRANSLATED
"rơi","",1,NEEDS TRANSLATION
"trúng","",1,NEEDS TRANSLATION
"kì","",1,NEEDS TRANSLATION
"Nhìn","",1,NEEDS TRANSLATION
"đâm","",1,NEEDS TRANSLATION
"khoái","",1,NEEDS TRANSLATION
"chí","will/ambition",1,TRANSLATED
"bảo","",1,NEEDS TRANSLATION
"khiêng","",1,NEEDS TRANSLATION
"phủ","",1,NEEDS TRANSLATION
"vậy","",1,NEEDS TRANSLATION
"suối","",1,NEEDS TRANSLATION
"thông","",1,NEEDS TRANSLATION
"họ","family/they",1,TRANSLATED
"Khóa","lock",1,TRANSLATED
"tàu","",1,NEEDS TRANSLATION
"gạt","",1,NEEDS TRANSLATION
"dữ","",1,NEEDS TRANSLATION
"giấu","",1,NEEDS TRANSLATION
"Mời","",1,NEEDS TRANSLATION
"xơi","",1,NEEDS TRANSLATION
"bù","supplement",1,TRANSLATED
"kè","dike",1,TRANSLATED
"chấm","",1,NEEDS TRANSLATION
"muối","",1,NEEDS TRANSLATION
"mè","sesame",1,TRANSLATED
"Ăn","eat",1,TRANSLATED
"xôi","",1,NEEDS TRANSLATION
"phỏng","",1,NEEDS TRANSLATION
"Xin","",1,NEEDS TRANSLATION
"vua","",1,NEEDS TRANSLATION
"thắng","",1,NEEDS TRANSLATION
"tịch","",1,NEEDS TRANSLATION
"hoan","",1,NEEDS TRANSLATION
"khai","",1,NEEDS TRANSLATION
"xiêm","",1,NEEDS TRANSLATION
"Ngiêu","",1,NEEDS TRANSLATION
"Thuấn","",1,NEEDS TRANSLATION
"đai","",1,NEEDS TRANSLATION
"quỳ","",1,NEEDS TRANSLATION
"thiều","",1,NEEDS TRANSLATION
"văn","",1,NEEDS TRANSLATION
"xứng","",1,NEEDS TRANSLATION
"tràng","",1,NEEDS TRANSLATION
"chén","",1,NEEDS TRANSLATION
"san","",1,NEEDS TRANSLATION
"buồn","sad",1,TRANSLATED
"giáo","drill/teach",1,TRANSLATED
"Tìm","",1,NEEDS TRANSLATION
"Thượng","",1,NEEDS TRANSLATION
"vẻ","",1,NEEDS TRANSLATION
"Được","can/able/get",1,TRANSLATED
"bưng","",1,NEEDS TRANSLATION
"Đánh","",1,NEEDS TRANSLATION
"Giọng","",1,NEEDS TRANSLATION
"dậm","",1,NEEDS TRANSLATION
"cứng","",1,NEEDS TRANSLATION
"đè","",1,NEEDS TRANSLATION
"rõ","",1,NEEDS TRANSLATION
"Quanh","",1,NEEDS TRANSLATION
"Nghệ","",1,NEEDS TRANSLATION
"kiệt","",1,NEEDS TRANSLATION
"Khách","",1,NEEDS TRANSLATION
"Trộ","",1,NEEDS TRANSLATION
"đợ","",1,NEEDS TRANSLATION
"vốn","",1,NEEDS TRANSLATION
"suy","",1,NEEDS TRANSLATION
"góp","",1,NEEDS TRANSLATION
"lứa","",1,NEEDS TRANSLATION
"Xư","",1,NEEDS TRANSLATION
"tì","",1,NEEDS TRANSLATION
"dung","",1,NEEDS TRANSLATION
"pi","",1,NEEDS TRANSLATION
"ní","",1,NEEDS TRANSLATION
"chì","lead weight",1,TRANSLATED
"xư","",1,NEEDS TRANSLATION
"lùa","",1,NEEDS TRANSLATION
"tsư","",1,NEEDS TRANSLATION
"do","",1,NEEDS TRANSLATION
"Phát","",1,NEEDS TRANSLATION
"rác","",1,NEEDS TRANSLATION
"pở","",1,NEEDS TRANSLATION
"đôông","",1,NEEDS TRANSLATION
"khướng","",1,NEEDS TRANSLATION
"rướng","",1,NEEDS TRANSLATION
"clước","",1,NEEDS TRANSLATION
"khau","",1,NEEDS TRANSLATION
"đặng","",1,NEEDS TRANSLATION
"chích","",1,NEEDS TRANSLATION
"lệ","",1,NEEDS TRANSLATION
"Lê","",1,NEEDS TRANSLATION
"muêch","",1,NEEDS TRANSLATION
"pán","",1,NEEDS TRANSLATION
"Bán","",1,NEEDS TRANSLATION
"Pán","",1,NEEDS TRANSLATION
"báo","",1,NEEDS TRANSLATION
"bào","",1,NEEDS TRANSLATION
"lế","",1,NEEDS TRANSLATION
"Ló","",1,NEEDS TRANSLATION
"nếp","",1,NEEDS TRANSLATION
"vêt","",1,NEEDS TRANSLATION
"Lò","",1,NEEDS TRANSLATION
"chăm","",1,NEEDS TRANSLATION
"vết","",1,NEEDS TRANSLATION
"mười","ten",1,TRANSLATED
"đang","",1,NEEDS TRANSLATION
"phát","",1,NEEDS TRANSLATION
"nác","",1,NEEDS TRANSLATION
"vạc","stork",1,TRANSLATED
"nông","shallow/farming",1,TRANSLATED
"béo","",1,NEEDS TRANSLATION
"vặt","",1,NEEDS TRANSLATION
"hơ)","",1,NEEDS TRANSLATION
"cháy","",1,NEEDS TRANSLATION
"nhấp","",1,NEEDS TRANSLATION
"nhem","",1,NEEDS TRANSLATION
"hiếu","",1,NEEDS TRANSLATION
"khô","",1,NEEDS TRANSLATION
"mọc","",1,NEEDS TRANSLATION
"chồi","",1,NEEDS TRANSLATION
"sống","",1,NEEDS TRANSLATION
"muồi","",1,NEEDS TRANSLATION
"Quán","",1,NEEDS TRANSLATION
"Cầu","bridge",1,TRANSLATED
"Nam","south/male",1,TRANSLATED
"Phổ","",1,NEEDS TRANSLATION
"trầu","",1,NEEDS TRANSLATION
"Dinh","",1,NEEDS TRANSLATION
"Ái","",1,NEEDS TRANSLATION
"Tử","",1,NEEDS TRANSLATION
"Gái","",1,NEEDS TRANSLATION
"Vọng","",1,NEEDS TRANSLATION
"Phu","",1,NEEDS TRANSLATION
"ve","",1,NEEDS TRANSLATION
"ma","",1,NEEDS TRANSLATION
"y","",1,NEEDS TRANSLATION
"hun","",1,NEEDS TRANSLATION
"krưc","",1,NEEDS TRANSLATION
"mân","",1,NEEDS TRANSLATION
"thưc","",1,NEEDS TRANSLATION
"ph","",1,NEEDS TRANSLATION
"krom","",1,NEEDS TRANSLATION
"luue","",1,NEEDS TRANSLATION
"dai","",1,NEEDS TRANSLATION
"p","",1,NEEDS TRANSLATION
"lơu","",1,NEEDS TRANSLATION
"Kõn","",1,NEEDS TRANSLATION
"đêck","",1,NEEDS TRANSLATION
"tơu","",1,NEEDS TRANSLATION
"Phụ","",1,NEEDS TRANSLATION
"tăm","",1,NEEDS TRANSLATION
"đờn","",1,NEEDS TRANSLATION
"Đờn","",1,NEEDS TRANSLATION
"xoay","",1,NEEDS TRANSLATION
"thác","",1,NEEDS TRANSLATION
"mồ","",1,NEEDS TRANSLATION
"Mồ","",1,NEEDS TRANSLATION
"Đói","",1,NEEDS TRANSLATION
"miếu","",1,NEEDS TRANSLATION
"Bao","",1,NEEDS TRANSLATION
"rụng","",1,NEEDS TRANSLATION
"bấy","",1,NEEDS TRANSLATION
"quét","",1,NEEDS TRANSLATION
"khuyên","",1,NEEDS TRANSLATION
"rung","",1,NEEDS TRANSLATION
"nhỏ","small",1,TRANSLATED
"đỏ","red",1,TRANSLATED
"`","",1,NEEDS TRANSLATION
"lụa","",1,NEEDS TRANSLATION
"Chẻ","",1,NEEDS TRANSLATION
"tre","",1,NEEDS TRANSLATION
"sịa","",1,NEEDS TRANSLATION
"phơi","",1,NEEDS TRANSLATION
"rã","",1,NEEDS TRANSLATION
"từng","",1,NEEDS TRANSLATION
"chòm","",1,NEEDS TRANSLATION
"hóa","",1,NEEDS TRANSLATION
"dòm","",1,NEEDS TRANSLATION
"Lác","",1,NEEDS TRANSLATION
"Phong","seal/wind",1,TRANSLATED
"Vui","happy/fun",1,TRANSLATED
"thay","instead/change",1,TRANSLATED
"Chốn","place",1,TRANSLATED
"Đất","",1,NEEDS TRANSLATION
"bão","",1,NEEDS TRANSLATION
"Cầm","",1,NEEDS TRANSLATION
"Nguyệt","",1,NEEDS TRANSLATION
"Ngộ","",1,NEEDS TRANSLATION
"kiến","",1,NEEDS TRANSLATION
"Hữu","",1,NEEDS TRANSLATION
"Gặp","",1,NEEDS TRANSLATION
"Di","",1,NEEDS TRANSLATION
"Dương","yang/sun",1,TRANSLATED
"(nam","",1,NEEDS TRANSLATION
"phan","",1,NEEDS TRANSLATION
"(hư)","",1,NEEDS TRANSLATION
"Thiếp","",1,NEEDS TRANSLATION
"rồng","",1,NEEDS TRANSLATION
"hoàng","",1,NEEDS TRANSLATION
"cội","",1,NEEDS TRANSLATION
"(hưm)","",1,NEEDS TRANSLATION
"Hán","",1,NEEDS TRANSLATION
"quyết","",1,NEEDS TRANSLATION
"phô","",1,NEEDS TRANSLATION
"tận","",1,NEEDS TRANSLATION
"dàn","",1,NEEDS TRANSLATION
"nậu","",1,NEEDS TRANSLATION
"hởi","",1,NEEDS TRANSLATION
"Hố","",1,NEEDS TRANSLATION
"Rị","",1,NEEDS TRANSLATION
"Lưới","",1,NEEDS TRANSLATION
"(kéo)","",1,NEEDS TRANSLATION
"Mới","new",1,TRANSLATED
"răng","",1,NEEDS TRANSLATION
"gừng","",1,NEEDS TRANSLATION
"Đôi","pair/couple",1,TRANSLATED
"vạn","",1,NEEDS TRANSLATION
"sáu","six",1,TRANSLATED
"mí","",1,NEEDS TRANSLATION
"gỗ","",1,NEEDS TRANSLATION
"rộng","",1,NEEDS TRANSLATION
"mênh","",1,NEEDS TRANSLATION
"Trăm","",1,NEEDS TRANSLATION
"thắm","",1,NEEDS TRANSLATION
"thề","",1,NEEDS TRANSLATION
"đá","",1,NEEDS TRANSLATION
"đạp","",1,NEEDS TRANSLATION
"cám","",1,NEEDS TRANSLATION
"Ép","",1,NEEDS TRANSLATION
"ánh","",1,NEEDS TRANSLATION
"ép","",1,NEEDS TRANSLATION
"Hớ","",1,NEEDS TRANSLATION
"quơ","",1,NEEDS TRANSLATION
"long","",1,NEEDS TRANSLATION
"lược","",1,NEEDS TRANSLATION
"dáng","",1,NEEDS TRANSLATION
"bởi","because",1,TRANSLATED
"kịp","",1,NEEDS TRANSLATION
"chịu","",1,NEEDS TRANSLATION
"nhịp","rhythm/beat",1,TRANSLATED
"nếu","",1,NEEDS TRANSLATION
"Trước","",1,NEEDS TRANSLATION
"(h","",1,NEEDS TRANSLATION
"thảm","",1,NEEDS TRANSLATION
"cảm","",1,NEEDS TRANSLATION
"hm","",1,NEEDS TRANSLATION
"Chiếc","classifier (vehicles)",1,TRANSLATED
"thấp","short/low",1,TRANSLATED
"Mái","roof/mai (work song type)",1,TRANSLATED
"đẩy","",1,NEEDS TRANSLATION
"tấm","",1,NEEDS TRANSLATION
"Sang","cross over",1,TRANSLATED
"hái","pick/gather",1,TRANSLATED
"cắm","",1,NEEDS TRANSLATION
"sào","",1,NEEDS TRANSLATION
"chặt","",1,NEEDS TRANSLATION
"bờ","",1,NEEDS TRANSLATION
"chị","",1,NEEDS TRANSLATION
"liễn","",1,NEEDS TRANSLATION
"Mà","that/which",1,TRANSLATED
"vất","",1,NEEDS TRANSLATION
"Với","with",1,TRANSLATED
"Xông","",1,NEEDS TRANSLATION
"đê","dike/levee",1,TRANSLATED
"Ngăn","",1,NEEDS TRANSLATION
"trào","",1,NEEDS TRANSLATION
"hới","",1,NEEDS TRANSLATION
"Lênh","",1,NEEDS TRANSLATION
"đênh","",1,NEEDS TRANSLATION
"kề","",1,NEEDS TRANSLATION
"chật","",1,NEEDS TRANSLATION
"hứ","",1,NEEDS TRANSLATION
"hồi","",1,NEEDS TRANSLATION
"nhạn","",1,NEEDS TRANSLATION
"đoài","",1,NEEDS TRANSLATION
"Ta","I/we",1,TRANSLATED
"kể","",1,NEEDS TRANSLATION
"Từ","from",1,TRANSLATED
"cầm","",1,NEEDS TRANSLATION
"Phách","",1,NEEDS TRANSLATION
"nhì","",1,NEEDS TRANSLATION
"gieo","",1,NEEDS TRANSLATION
"cắc","",1,NEEDS TRANSLATION
"cớ","",1,NEEDS TRANSLATION
"oan","",1,NEEDS TRANSLATION
"ương","",1,NEEDS TRANSLATION
"dồn","",1,NEEDS TRANSLATION
"dập","",1,NEEDS TRANSLATION
"Ớ","",1,NEEDS TRANSLATION
"lương","",1,NEEDS TRANSLATION
"xê","move/shift",1,TRANSLATED
"sợ","fear",1,TRANSLATED
"kiếp","life/existence",1,TRANSLATED
"Nhạn","",1,NEEDS TRANSLATION
"lạc","",1,NEEDS TRANSLATION
"gầy","",1,NEEDS TRANSLATION
"oanh","",1,NEEDS TRANSLATION
"én","",1,NEEDS TRANSLATION
"núp","",1,NEEDS TRANSLATION
"lẻn","",1,NEEDS TRANSLATION
"nghèo","",1,NEEDS TRANSLATION
"cháo","",1,NEEDS TRANSLATION
"rau","",1,NEEDS TRANSLATION
"dạ","",1,NEEDS TRANSLATION
"liệu","",1,NEEDS TRANSLATION
"xự","",1,NEEDS TRANSLATION
"xê)","",1,NEEDS TRANSLATION
"lởư","",1,NEEDS TRANSLATION
"lù","",1,NEEDS TRANSLATION
"khấu","",1,NEEDS TRANSLATION
"lờư","",1,NEEDS TRANSLATION
"lú","",1,NEEDS TRANSLATION
"khâu","sew",1,TRANSLATED
"ngoan","",1,NEEDS TRANSLATION
"Chập","",1,NEEDS TRANSLATION
"chùng","",1,NEEDS TRANSLATION
"tu","",1,NEEDS TRANSLATION
"Lỡ","",1,NEEDS TRANSLATION
"rớt","",1,NEEDS TRANSLATION
"Chủ","",1,NEEDS TRANSLATION
"đọa","",1,NEEDS TRANSLATION
"đày","",1,NEEDS TRANSLATION
"Xứ","",1,NEEDS TRANSLATION
"hớn","",1,NEEDS TRANSLATION
"hở","",1,NEEDS TRANSLATION
"cười","laugh",1,TRANSLATED
"Xui","urge/tempt",1,TRANSLATED
"cua","crab",1,TRANSLATED
"rinh","",1,NEEDS TRANSLATION
"Lang","lang (plant)",1,TRANSLATED
"tinh","",1,NEEDS TRANSLATION
"giã","pound",1,TRANSLATED
"gạo","rice",1,TRANSLATED
"hừ","",1,NEEDS TRANSLATION
"ôm","",1,NEEDS TRANSLATION
"quán","",1,NEEDS TRANSLATION
"dốc","",1,NEEDS TRANSLATION
"xem","",1,NEEDS TRANSLATION
"rằm","",1,NEEDS TRANSLATION
"Thai","",1,NEEDS TRANSLATION
"ứ","",1,NEEDS TRANSLATION
"cạn","",1,NEEDS TRANSLATION
"tiềng","",1,NEEDS TRANSLATION
"lượn","glide",1,TRANSLATED
"lư","",1,NEEDS TRANSLATION
"Ư","(confirmation particle)",1,TRANSLATED
"khuốp","",1,NEEDS TRANSLATION
"thõng","",1,NEEDS TRANSLATION
"cóong","",1,NEEDS TRANSLATION
"slóong","",1,NEEDS TRANSLATION
"sân","yard",1,TRANSLATED
"viết","",1,NEEDS TRANSLATION
"Tâm","heart/mind",1,TRANSLATED
"phà","",1,NEEDS TRANSLATION
"húm","",1,NEEDS TRANSLATION
"hua","",1,NEEDS TRANSLATION
"nọi","",1,NEEDS TRANSLATION
"cón","",1,NEEDS TRANSLATION
"Í","",1,NEEDS TRANSLATION
"pay","",1,NEEDS TRANSLATION
"xuôn","",1,NEEDS TRANSLATION
"puồn","",1,NEEDS TRANSLATION
"xay","",1,NEEDS TRANSLATION
"Nỉu","",1,NEEDS TRANSLATION
"khá","",1,NEEDS TRANSLATION
"Phá","",1,NEEDS TRANSLATION
"khinh","",1,NEEDS TRANSLATION
"xẻn","",1,NEEDS TRANSLATION
"Chén","",1,NEEDS TRANSLATION
"lẩu","ethnic term",1,TRANSLATED
"chớng","",1,NEEDS TRANSLATION
"bảu","",1,NEEDS TRANSLATION
"ngau","",1,NEEDS TRANSLATION
"lẹ","",1,NEEDS TRANSLATION
"lọ","",1,NEEDS TRANSLATION
"loạn","",1,NEEDS TRANSLATION
"cần","",1,NEEDS TRANSLATION
"giúp","",1,NEEDS TRANSLATION
"đỡ","",1,NEEDS TRANSLATION
"Buổi","",1,NEEDS TRANSLATION
"cậy","",1,NEEDS TRANSLATION
"niên","",1,NEEDS TRANSLATION
"Tổng","",1,NEEDS TRANSLATION
"rền","",1,NEEDS TRANSLATION
"mau","",1,NEEDS TRANSLATION
"tuột","",1,NEEDS TRANSLATION
"kiếm","",1,NEEDS TRANSLATION
"phục","",1,NEEDS TRANSLATION
"Tổ","",1,NEEDS TRANSLATION
"dứt","",1,NEEDS TRANSLATION
"mối","",1,NEEDS TRANSLATION
"đệm","",1,NEEDS TRANSLATION
"xen","",1,NEEDS TRANSLATION
"hát)","",1,NEEDS TRANSLATION
"trận","",1,NEEDS TRANSLATION
"gìn","",1,NEEDS TRANSLATION
"biên","",1,NEEDS TRANSLATION
"Thà","",1,NEEDS TRANSLATION
"giường","",1,NEEDS TRANSLATION
"Phản","",1,NEEDS TRANSLATION
"đì","",1,NEEDS TRANSLATION
"đùng","",1,NEEDS TRANSLATION
"sĩ","",1,NEEDS TRANSLATION
"hùng","",1,NEEDS TRANSLATION
"xông","",1,NEEDS TRANSLATION
"pha","",1,NEEDS TRANSLATION
"Chào","",1,NEEDS TRANSLATION
"Tung","",1,NEEDS TRANSLATION
"tăng","",1,NEEDS TRANSLATION
"mến","",1,NEEDS TRANSLATION
"chập","",1,NEEDS TRANSLATION
"đồi","hill",1,TRANSLATED
"nương","",1,NEEDS TRANSLATION
"ngập","",1,NEEDS TRANSLATION
"tràn","",1,NEEDS TRANSLATION
"lớn","",1,NEEDS TRANSLATION
"trúc","",1,NEEDS TRANSLATION
"chuông","",1,NEEDS TRANSLATION
"Trấn","",1,NEEDS TRANSLATION
"Vũ","",1,NEEDS TRANSLATION
"Thọ","",1,NEEDS TRANSLATION
"Xương","",1,NEEDS TRANSLATION
"Nhịp","rhythm/beat",1,TRANSLATED
"Yên","",1,NEEDS TRANSLATION
"Thái","",1,NEEDS TRANSLATION
"gương","",1,NEEDS TRANSLATION
"vùng","",1,NEEDS TRANSLATION
"cỏ","grass",1,TRANSLATED
"vài","",1,NEEDS TRANSLATION
"Rút","",1,NEEDS TRANSLATION
"Trâm","",1,NEEDS TRANSLATION
"sẵn","",1,NEEDS TRANSLATION
"giắt","",1,NEEDS TRANSLATION
"Vạch","",1,NEEDS TRANSLATION
"da","",1,NEEDS TRANSLATION
"vịnh","",1,NEEDS TRANSLATION
"vần","",1,NEEDS TRANSLATION
"Trăng","moon",1,TRANSLATED
"Làm","do/make/work",1,TRANSLATED
"Kỷ","",1,NEEDS TRANSLATION
"(í","",1,NEEDS TRANSLATION
"i)","",1,NEEDS TRANSLATION
"thọ","",1,NEEDS TRANSLATION
"Pháp","",1,NEEDS TRANSLATION
"Tân","",1,NEEDS TRANSLATION
"Trào","",1,NEEDS TRANSLATION
"Ngày","day",1,TRANSLATED
"thuở","",1,NEEDS TRANSLATION
"Du","",1,NEEDS TRANSLATION
"nhàn","",1,NEEDS TRANSLATION
"thiềng","",1,NEEDS TRANSLATION
"thị","",1,NEEDS TRANSLATION
"trưa","noon",1,TRANSLATED
"Sáu","six",1,TRANSLATED
"tuổi","",1,NEEDS TRANSLATION
"lăm","",1,NEEDS TRANSLATION
"giận","",1,NEEDS TRANSLATION
"Bấy","",1,NEEDS TRANSLATION
"(ở)","",1,NEEDS TRANSLATION
"ủ","",1,NEEDS TRANSLATION
"viếng","",1,NEEDS TRANSLATION
"mẫu","",1,NEEDS TRANSLATION
"thân","",1,NEEDS TRANSLATION
"Đẩu","",1,NEEDS TRANSLATION
"thường","",1,NEEDS TRANSLATION
"tảo","",1,NEEDS TRANSLATION
"tần","",1,NEEDS TRANSLATION
"lân","",1,NEEDS TRANSLATION
"thật","",1,NEEDS TRANSLATION
"thà","",1,NEEDS TRANSLATION
"hỏi","ask",1,TRANSLATED
"Giăng","spread",1,TRANSLATED
"Đường","road/way",1,TRANSLATED
"Rạng","",1,NEEDS TRANSLATION
"gát","",1,NEEDS TRANSLATION
"Nhắn","send message",1,TRANSLATED
"tương","",1,NEEDS TRANSLATION
"lối","",1,NEEDS TRANSLATION
"Lẳng","",1,NEEDS TRANSLATION
"lặng","",1,NEEDS TRANSLATION
"Thánh","",1,NEEDS TRANSLATION
"triều","",1,NEEDS TRANSLATION
"ngự","",1,NEEDS TRANSLATION
"ngai","",1,NEEDS TRANSLATION
"Thắp","light/kindle",1,TRANSLATED
"hết","",1,NEEDS TRANSLATION
"hào","",1,NEEDS TRANSLATION
"trị","",1,NEEDS TRANSLATION
"Ống","tube/pipe",1,TRANSLATED
"hỏa","",1,NEEDS TRANSLATION
"khí","",1,NEEDS TRANSLATION
"sát","",1,NEEDS TRANSLATION
"quỷ","",1,NEEDS TRANSLATION
"trừ","",1,NEEDS TRANSLATION
"Cố","",1,NEEDS TRANSLATION
"phúc","",1,NEEDS TRANSLATION
"Giông","",1,NEEDS TRANSLATION
"Ù","",1,NEEDS TRANSLATION
"ù","",1,NEEDS TRANSLATION
"Hòn","",1,NEEDS TRANSLATION
"Kẽm","",1,NEEDS TRANSLATION
"Đá","",1,NEEDS TRANSLATION
"Dừng","",1,NEEDS TRANSLATION
"quá","",1,NEEDS TRANSLATION
"chừng","",1,NEEDS TRANSLATION
"nhắn","send message",1,TRANSLATED
"chuồn","",1,NEEDS TRANSLATION
"đàn","",1,NEEDS TRANSLATION
"Hàn","",1,NEEDS TRANSLATION
"(hư","",1,NEEDS TRANSLATION
"ưm)","",1,NEEDS TRANSLATION
"thức","",1,NEEDS TRANSLATION
"Hãy","",1,NEEDS TRANSLATION
"Cảnh","scene/scenery",1,TRANSLATED
"khơi","",1,NEEDS TRANSLATION
"động","",1,NEEDS TRANSLATION
"reo","",1,NEEDS TRANSLATION
"(i","",1,NEEDS TRANSLATION
"muộn","",1,NEEDS TRANSLATION
"vơ","",1,NEEDS TRANSLATION
"vét","",1,NEEDS TRANSLATION
"(a","",1,NEEDS TRANSLATION
"sạch","",1,NEEDS TRANSLATION
"(mà","",1,NEEDS TRANSLATION
"(à)","",1,NEEDS TRANSLATION
"na","",1,NEEDS TRANSLATION
"Gêt","",1,NEEDS TRANSLATION
"gêt","",1,NEEDS TRANSLATION
"htơ","",1,NEEDS TRANSLATION
"hia","",1,NEEDS TRANSLATION
"ngục","",1,NEEDS TRANSLATION
"khôn","",1,NEEDS TRANSLATION
"chúa","",1,NEEDS TRANSLATION
"Đọc","",1,NEEDS TRANSLATION
"kinh","",1,NEEDS TRANSLATION
"nguyện","",1,NEEDS TRANSLATION
"Linh","soul/soldier",1,TRANSLATED
"Đến","come/arrive",1,TRANSLATED
"Thấp","short/low",1,TRANSLATED
"ngọn","",1,NEEDS TRANSLATION
"dang","",1,NEEDS TRANSLATION
"tứ","",1,NEEDS TRANSLATION
"ấm","",1,NEEDS TRANSLATION
"Ngọc","",1,NEEDS TRANSLATION
"Toản","",1,NEEDS TRANSLATION
"ngạn","",1,NEEDS TRANSLATION
"Kim","",1,NEEDS TRANSLATION
"Sương","",1,NEEDS TRANSLATION
"lạnh","",1,NEEDS TRANSLATION
"lùng","",1,NEEDS TRANSLATION
"Sóng","",1,NEEDS TRANSLATION
"lặn","",1,NEEDS TRANSLATION
"gây","",1,NEEDS TRANSLATION
"Trên","on/above",1,TRANSLATED
"Ở","",1,NEEDS TRANSLATION
"Ước","",1,NEEDS TRANSLATION
"gạch","",1,NEEDS TRANSLATION
"dọc","along",1,TRANSLATED
"ngang","",1,NEEDS TRANSLATION
"hồ","",1,NEEDS TRANSLATION
"nguyệt","",1,NEEDS TRANSLATION
"rửa","",1,NEEDS TRANSLATION
"(ư","",1,NEEDS TRANSLATION
"Nên","therefore/should",1,TRANSLATED
"ái","",1,NEEDS TRANSLATION
"ân","",1,NEEDS TRANSLATION
"khen","",1,NEEDS TRANSLATION
"vỗ","",1,NEEDS TRANSLATION
"nhện","",1,NEEDS TRANSLATION
"Trống","drum",1,TRANSLATED
"Tốn","",1,NEEDS TRANSLATION
"Đừng","don't",1,TRANSLATED
"Chữ","",1,NEEDS TRANSLATION
"tròn","",1,NEEDS TRANSLATION
"Khoa","",1,NEEDS TRANSLATION
"đắc","",1,NEEDS TRANSLATION
"cử","",1,NEEDS TRANSLATION
"nâu","brown",1,TRANSLATED
"tin","",1,NEEDS TRANSLATION
"Gạo","rice",1,TRANSLATED
"tiêu","",1,NEEDS TRANSLATION
"bận","",1,NEEDS TRANSLATION
"bịu","",1,NEEDS TRANSLATION
"vấn","",1,NEEDS TRANSLATION
"Bước","",1,NEEDS TRANSLATION
"Cá","fish",1,TRANSLATED
"uống","drink",1,TRANSLATED
"voi","",1,NEEDS TRANSLATION
"thòi","",1,NEEDS TRANSLATION
"lòi","",1,NEEDS TRANSLATION
"(tráo)","",1,NEEDS TRANSLATION
"may","sew",1,TRANSLATED
"quần","pants",1,TRANSLATED
"(chim)","",1,NEEDS TRANSLATION
"May","sew",1,TRANSLATED
"lan","",1,NEEDS TRANSLATION
"chậu","",1,NEEDS TRANSLATION
"hạc","",1,NEEDS TRANSLATION
"quy","",1,NEEDS TRANSLATION
"Dặn","",1,NEEDS TRANSLATION
"giàu","",1,NEEDS TRANSLATION
"mộ","",1,NEEDS TRANSLATION
"dẫu","",1,NEEDS TRANSLATION
"chờ","",1,NEEDS TRANSLATION
"gáo","",1,NEEDS TRANSLATION
"(Hỡi)","",1,NEEDS TRANSLATION
"Thêu","",1,NEEDS TRANSLATION
"xóm","",1,NEEDS TRANSLATION
"luôn","",1,NEEDS TRANSLATION
"bai","",1,NEEDS TRANSLATION
"Nào","which",1,TRANSLATED
"vải","fabric/cloth",1,TRANSLATED
"bụng","",1,NEEDS TRANSLATION
"quay","",1,NEEDS TRANSLATION
"bèo","",1,NEEDS TRANSLATION
"băm","",1,NEEDS TRANSLATION
"tằm","",1,NEEDS TRANSLATION
"ủng","",1,NEEDS TRANSLATION
"trổ","",1,NEEDS TRANSLATION
"ngược","",1,NEEDS TRANSLATION
"xuôi","downstream",1,TRANSLATED
"Trầu","",1,NEEDS TRANSLATION
"nhắm","",1,NEEDS TRANSLATION
"Hô","",1,NEEDS TRANSLATION
"pai","",1,NEEDS TRANSLATION
"siên","",1,NEEDS TRANSLATION
"Seo","",1,NEEDS TRANSLATION
"ché","",1,NEEDS TRANSLATION
"lai","",1,NEEDS TRANSLATION
"Mài","grind",1,TRANSLATED
"khơ","",1,NEEDS TRANSLATION
"léng","",1,NEEDS TRANSLATION
"po","",1,NEEDS TRANSLATION
"thố","",1,NEEDS TRANSLATION
"thài","",1,NEEDS TRANSLATION
"Lẻo","",1,NEEDS TRANSLATION
"Xẻ","split",1,TRANSLATED
"Cái","classifier",1,TRANSLATED
"đón","",1,NEEDS TRANSLATION
"ráy","",1,NEEDS TRANSLATION
"hự","",1,NEEDS TRANSLATION
"Xỉa","ethnic term",1,TRANSLATED
"Mè","sesame",1,TRANSLATED
"Đè","",1,NEEDS TRANSLATION
"Chép","",1,NEEDS TRANSLATION
"men","",1,NEEDS TRANSLATION
"đen","black",1,TRANSLATED
"chó","",1,NEEDS TRANSLATION
"mèo","",1,NEEDS TRANSLATION
"Lai","",1,NEEDS TRANSLATION
"đanh","",1,NEEDS TRANSLATION
"lửa","",1,NEEDS TRANSLATION
"trương","",1,NEEDS TRANSLATION
"Ngũ","",1,NEEDS TRANSLATION
"Đế","",1,NEEDS TRANSLATION
"Cấp","",1,NEEDS TRANSLATION
"kế","",1,NEEDS TRANSLATION
"tim","",1,NEEDS TRANSLATION
"hẹ","",1,NEEDS TRANSLATION
"hấp","",1,NEEDS TRANSLATION
"(Tà","",1,NEEDS TRANSLATION
"là)","",1,NEEDS TRANSLATION
"úy","",1,NEEDS TRANSLATION
"mất","",1,NEEDS TRANSLATION
"tan","",1,NEEDS TRANSLATION
"thống","",1,NEEDS TRANSLATION
"muôn","",1,NEEDS TRANSLATION
"vàn","",1,NEEDS TRANSLATION
"(nhạc","",1,NEEDS TRANSLATION
"Hội","",1,NEEDS TRANSLATION
"đúng","",1,NEEDS TRANSLATION
"chẵn","",1,NEEDS TRANSLATION
"quạt","",1,NEEDS TRANSLATION
"Trai","",1,NEEDS TRANSLATION
"Bắt","",1,NEEDS TRANSLATION
"râu","",1,NEEDS TRANSLATION
"trê","",1,NEEDS TRANSLATION
"nắm","",1,NEEDS TRANSLATION
"cổ","",1,NEEDS TRANSLATION
"hát","sing",1,TRANSLATED
"dường","",1,NEEDS TRANSLATION
"Qua","cross/over",1,TRANSLATED
"bức","",1,NEEDS TRANSLATION
"nữ","woman/female",1,TRANSLATED
"lịch","",1,NEEDS TRANSLATION
"Cả","",1,NEEDS TRANSLATION
"yếm","",1,NEEDS TRANSLATION
"xà","",1,NEEDS TRANSLATION
"tích","",1,NEEDS TRANSLATION
"Dây","thread/rope/string",1,TRANSLATED
"quạ","",1,NEEDS TRANSLATION
"trả","",1,NEEDS TRANSLATION
"vành","",1,NEEDS TRANSLATION
"vạnh","",1,NEEDS TRANSLATION
"giàng","",1,NEEDS TRANSLATION
"ngà","",1,NEEDS TRANSLATION
"Mê","",1,NEEDS TRANSLATION
"b'ra","",1,NEEDS TRANSLATION
"yoc","",1,NEEDS TRANSLATION
"cluôn","",1,NEEDS TRANSLATION
"Rô","",1,NEEDS TRANSLATION
"R'bơt","",1,NEEDS TRANSLATION
"S'ka","",1,NEEDS TRANSLATION
"sơ","",1,NEEDS TRANSLATION
"đun","",1,NEEDS TRANSLATION
"h'em","",1,NEEDS TRANSLATION
"mơn","",1,NEEDS TRANSLATION
"uê","",1,NEEDS TRANSLATION
"t'ơn","",1,NEEDS TRANSLATION
"t'ê","",1,NEEDS TRANSLATION
"lam","",1,NEEDS TRANSLATION
"a'","",1,NEEDS TRANSLATION
"B're","",1,NEEDS TRANSLATION
"B'ri","",1,NEEDS TRANSLATION
"b'ri","",1,NEEDS TRANSLATION
"K'ca","",1,NEEDS TRANSLATION
"sum","",1,NEEDS TRANSLATION
"K'a","",1,NEEDS TRANSLATION
"re","",1,NEEDS TRANSLATION
"xit","",1,NEEDS TRANSLATION
"bau","",1,NEEDS TRANSLATION
"e","",1,NEEDS TRANSLATION
"ban","",1,NEEDS TRANSLATION
"nụ","",1,NEEDS TRANSLATION
"rữa","",1,NEEDS TRANSLATION
"phương","",1,NEEDS TRANSLATION
"hói","",1,NEEDS TRANSLATION
"ám","",1,NEEDS TRANSLATION
"khoe","",1,NEEDS TRANSLATION
"sắc","",1,NEEDS TRANSLATION
"phấp","",1,NEEDS TRANSLATION
"phới","",1,NEEDS TRANSLATION
"Loa","",1,NEEDS TRANSLATION
"chiêng","",1,NEEDS TRANSLATION
"bát","eight/bowl",1,TRANSLATED
"Lũ","",1,NEEDS TRANSLATION
"Tôn","",1,NEEDS TRANSLATION
"sập","",1,NEEDS TRANSLATION
"Trùng","",1,NEEDS TRANSLATION
"Lớp","",1,NEEDS TRANSLATION
"lớp","",1,NEEDS TRANSLATION
"đoàn","",1,NEEDS TRANSLATION
"Chúng","",1,NEEDS TRANSLATION
"tung","",1,NEEDS TRANSLATION
"Bập","",1,NEEDS TRANSLATION
"bập","",1,NEEDS TRANSLATION
"bềnh","",1,NEEDS TRANSLATION
"băng","",1,NEEDS TRANSLATION
"lướt","",1,NEEDS TRANSLATION
"cuộn","",1,NEEDS TRANSLATION
"sáng","morning",1,TRANSLATED
"ngời","",1,NEEDS TRANSLATION
"ước","",1,NEEDS TRANSLATION
"giăng","spread",1,TRANSLATED
"Sao","why/how",1,TRANSLATED
"mãi","",1,NEEDS TRANSLATION
"lửng","",1,NEEDS TRANSLATION
"(lửng","",1,NEEDS TRANSLATION
"chồng)","",1,NEEDS TRANSLATION
"(lấy","",1,NEEDS TRANSLATION
"chưa)","",1,NEEDS TRANSLATION
"(nằm","",1,NEEDS TRANSLATION
"nằm)","",1,NEEDS TRANSLATION
"Đò","ferry",1,TRANSLATED
"(Đò","",1,NEEDS TRANSLATION
"đò)","",1,NEEDS TRANSLATION
"hột","",1,NEEDS TRANSLATION
"thóc","",1,NEEDS TRANSLATION
"lăn","",1,NEEDS TRANSLATION
"lóc","",1,NEEDS TRANSLATION
"lọc","",1,NEEDS TRANSLATION
"Xếp","fold/arrange",1,TRANSLATED
"trách","blame",1,TRANSLATED
"Chẳng","not",1,TRANSLATED
"xếp","fold/arrange",1,TRANSLATED
"Sim","",1,NEEDS TRANSLATION
"Như","",1,NEEDS TRANSLATION
